INSERT INTO "User" (id, providerurl, userpod) VALUES 
('1', 'https://provider1.com', 'userpod1'),
('2', 'https://provider2.com', 'userpod2'),
('3', 'https://provider3.com', 'userpod3'),
('4', 'https://provider4.com', 'userpod4'),
('5', 'https://provider5.com', 'userpod5');

-- Inserts for Products
INSERT INTO product (id, descr, price, imageurl, "name") VALUES
('1', 'Una potente consola de videojuegos', 499.99, 'https://image1.png', 'Consola de Videojuegos'),
('2', 'Auriculares con sonido envolvente', 89.99, 'https://image2.png', 'Auriculares Gamer'),
('3', 'Ratón inalámbrico de alta precisión', 49.99, 'https://image3.png', 'Ratón Inalámbrico'),
('4', 'Teclado mecánico retroiluminado', 79.99, 'https://image4.png', 'Teclado Mecánico'),
('5', 'Monitor 4K UHD de 27 pulgadas', 329.99, 'https://image5.png', 'Monitor 4K UHD'),
('6', 'Silla ergonómica para gamers', 199.99, 'https://image6.png', 'Silla Gamer'),
('7', 'Controlador de juegos inalámbrico', 59.99, 'https://image7.png', 'Controlador Inalámbrico'),
('8', 'Base de carga para mandos', 24.99, 'https://image8.png', 'Base de Carga'),
('9', 'Tarjeta gráfica de última generación', 699.99, 'https://image9.png', 'Tarjeta Gráfica'),
('10', 'Disco duro externo de 2TB', 89.99, 'https://image10.png', 'Disco Duro Externo'),
('11', 'Cámara web HD', 59.99, 'https://image11.png', 'Cámara Web HD'),
('12', 'Micrófono para streaming', 119.99, 'https://image12.png', 'Micrófono Streaming'),
('13', 'Altavoces de sonido envolvente', 149.99, 'https://image13.png', 'Altavoces Envolventes'),
('14', 'Tarjeta de sonido externa', 99.99, 'https://image14.png', 'Tarjeta de Sonido'),
('15', 'Tablet de 10 pulgadas', 249.99, 'https://image15.png', 'Tablet 10 Pulgadas'),
('16', 'Lámpara de escritorio LED', 29.99, 'https://image16.png', 'Lámpara LED'),
('17', 'Control remoto para PC', 19.99, 'https://image17.png', 'Control Remoto PC'),
('18', 'Cargador rápido USB-C', 39.99, 'https://image18.png', 'Cargador Rápido'),
('19', 'Router Wi-Fi 6', 149.99, 'https://image19.png', 'Router Wi-Fi 6'),
('20', 'Repetidor de señal Wi-Fi', 49.99, 'https://image20.png', 'Repetidor Wi-Fi'),
('21', 'Fuente de alimentación 650W', 79.99, 'https://image21.png', 'Fuente de Alimentación'),
('22', 'Cable HDMI de alta velocidad', 14.99, 'https://image22.png', 'Cable HDMI'),
('23', 'Soporte de monitor ajustable', 34.99, 'https://image23.png', 'Soporte Monitor'),
('24', 'Pendrive 128GB', 24.99, 'https://image24.png', 'Pendrive 128GB'),
('25', 'Alfombrilla de ratón XXL', 19.99, 'https://image25.png', 'Alfombrilla XXL'),
('26', 'Caja de PC con iluminación RGB', 129.99, 'https://image26.png', 'Caja PC RGB'),
('27', 'Ventilador para PC', 19.99, 'https://image27.png', 'Ventilador PC'),
('28', 'Kit de limpieza para pantalla', 9.99, 'https://image28.png', 'Kit Limpieza'),
('29', 'Adaptador USB a Ethernet', 14.99, 'https://image29.png', 'Adaptador USB Ethernet'),
('30', 'Soporte para auriculares', 24.99, 'https://image30.png', 'Soporte Auriculares'),
('31', 'Protector de pantalla para tablet', 12.99, 'https://image31.png', 'Protector Pantalla Tablet'),
('32', 'Cable USB-C a USB-A', 9.99, 'https://image32.png', 'Cable USB-C'),
('33', 'Juego de destornilladores para PC', 14.99, 'https://image33.png', 'Juego Destornilladores'),
('34', 'Mochila para portátil', 59.99, 'https://image34.png', 'Mochila Portátil'),
('35', 'Funda para tablet', 19.99, 'https://image35.png', 'Funda Tablet'),
('36', 'Ratón con cable', 19.99, 'https://image36.png', 'Ratón con Cable'),
('37', 'Teclado inalámbrico', 49.99, 'https://image37.png', 'Teclado Inalámbrico'),
('38', 'Enfriador para portátil', 29.99, 'https://image38.png', 'Enfriador Portátil'),
('39', 'Soporte para laptop', 34.99, 'https://image39.png', 'Soporte Laptop'),
('40', 'Hub USB 3.0', 24.99, 'https://image40.png', 'Hub USB 3.0'),
('41', 'SSD 1TB', 139.99, 'https://image41.png', 'SSD 1TB'),
('42', 'Grabadora de voz', 49.99, 'https://image42.png', 'Grabadora de Voz'),
('43', 'Mouse pad con gel', 14.99, 'https://image43.png', 'Mouse Pad Gel'),
('44', 'Hub USB-C', 49.99, 'https://image44.png', 'Hub USB-C'),
('45', 'Lámpara de lectura', 19.99, 'https://image45.png', 'Lámpara Lectura'),
('46', 'Impresora láser', 199.99, 'https://image46.png', 'Impresora Láser'),
('47', 'Enrutador de malla', 229.99, 'https://image47.png', 'Enrutador Malla'),
('48', 'Switch Ethernet', 39.99, 'https://image48.png', 'Switch Ethernet'),
('49', 'Powerbank 20000mAh', 39.99, 'https://image49.png', 'Powerbank 20000mAh'),
('50', 'Teclado numérico USB', 19.99, 'https://image50.png', 'Teclado Numérico');

-- Inserts for Inventory
INSERT INTO inventory (id, stock, "location", productid) VALUES
('1', 10, 'Almacén A', '1'),
('2', 15, 'Almacén B', '2'),
('3', 8, 'Almacén A', '3'),
('4', 20, 'Almacén B', '4'),
('5', 5, 'Almacén A', '5'),
('6', 12, 'Almacén B', '6'),
('7', 18, 'Almacén A', '7'),
('8', 25, 'Almacén B', '8'),
('9', 3, 'Almacén A', '9'),
('10', 30, 'Almacén B', '10');

-- Inserts for Reviews
INSERT INTO review (id, score, productid, user_id) VALUES
('1', 5, '1', '1'),
('2', 4, '2', '2'),
('3', 3, '3', '3'),
('4', 2, '4', '4'),
('5', 1, '5', '5'),
('6', 5, '6', '1'),
('7', 4, '7', '2'),
('8', 3, '8', '3'),
('9', 2, '9', '4'),
('10', 1, '10', '5');

-- Inserts for Orders
INSERT INTO "Order" (id, userid, status, total) VALUES 
('1', '1', 'pendiente', 599.98),
('2', '2', 'completado', 139.98),
('3', '3', 'pendiente', 99.98),
('4', '4', 'completado', 119.98),
('5', '5', 'pendiente', 329.98);

-- Inserts for OrderItems
INSERT INTO orderitem (id, orderid, productid, quantity) VALUES
('1', '1', '1', 1),
('2', '1', '2', 1),
('3', '2', '3', 2),
('4', '2', '4', 1),
('5', '3', '5', 1),
('6', '3', '6', 1),
('7', '4', '7', 1),
('8', '4', '8', 1),
('9', '5', '9', 1),
('10', '5', '10', 1);
